blank,aos,repo,eadid,tc_type,tc_indicator,,string,location,profile,restriction,helper,ils_holding_id
,/repositories/4/archival_objects/1379501,4,AC130,box,341,,AC130_box_341,/locations/23649,/container_profiles/3,Review,203,AC130_add203
,/repositories/4/archival_objects/1379800,4,AC130,box,348,,AC130_box_348,/locations/23649,/container_profiles/3,Review,204,AC130_add204
,/repositories/4/archival_objects/1379800,4,AC130,box,349,,AC130_box_349,/locations/23649,/container_profiles/3,Review,205,AC130_add205
,/repositories/4/archival_objects/1379800,4,AC130,box,350,,AC130_box_350,/locations/23649,/container_profiles/3,Review,206,AC130_add206
,/repositories/4/archival_objects/1379800,4,AC130,box,351,,AC130_box_351,/locations/23649,/container_profiles/3,Review,207,AC130_add207
,/repositories/4/archival_objects/1379800,4,AC130,box,352,,AC130_box_352,/locations/23649,/container_profiles/3,Review,208,AC130_add208
,/repositories/4/archival_objects/1379824,4,AC130,box,356,,AC130_box_356,/locations/23649,/container_profiles/3,Review,209,AC130_add209
,/repositories/4/archival_objects/1379845,4,AC130,box,361,,AC130_box_361,/locations/23649,/container_profiles/3,Review,210,AC130_add210
,/repositories/4/archival_objects/1379845,4,AC130,box,362,,AC130_box_362,/locations/23649,/container_profiles/3,Review,211,AC130_add211
,/repositories/4/archival_objects/1379845,4,AC130,box,363,,AC130_box_363,/locations/23649,/container_profiles/3,Review,212,AC130_add212
,/repositories/4/archival_objects/1379845,4,AC130,box,364,,AC130_box_364,/locations/23649,/container_profiles/3,Review,213,AC130_add213
,/repositories/4/archival_objects/1379845,4,AC130,box,365,,AC130_box_365,/locations/23649,/container_profiles/3,Review,214,AC130_add214
,/repositories/4/archival_objects/1379861,4,AC130,box,369,,AC130_box_369,/locations/23649,/container_profiles/3,Review,215,AC130_add215
,/repositories/4/archival_objects/1379861,4,AC130,box,370,,AC130_box_370,/locations/23649,/container_profiles/3,Review,216,AC130_add216
,/repositories/4/archival_objects/1380017,4,AC130,box,379,,AC130_box_379,/locations/23649,/container_profiles/3,Review,217,AC130_add217
,/repositories/4/archival_objects/1378905,4,AC130,box,391,,AC130_box_391,/locations/23649,/container_profiles/3,Review,218,AC130_add218
,/repositories/4/archival_objects/1379989,4,AC130,box,470,,AC130_box_470,/locations/23649,/container_profiles/3,Review,219,AC130_add219
,/repositories/4/archival_objects/1379989,4,AC130,box,471,,AC130_box_471,/locations/23649,/container_profiles/3,Review,220,AC130_add220
,/repositories/4/archival_objects/1379362,4,AC130,box,495,,AC130_box_495,/locations/23649,/container_profiles/3,Review,221,AC130_add221
,/repositories/4/archival_objects/1379362,4,AC130,box,496,,AC130_box_496,/locations/23649,/container_profiles/3,Review,222,AC130_add222
,/repositories/5/archival_objects/1077842,5,C0171,box,108,,C0171_box_108,/locations/23662,/container_profiles/3,Restricted,223,C0171_add223
,/repositories/5/archival_objects/1077952,5,C0171,box,4,,C0171_box_4,/locations/23662,/container_profiles/3,Restricted,224,C0171_add224
,/repositories/5/archival_objects/1077767,5,C0171,box,93,,C0171_box_93,/locations/23662,/container_profiles/3,Restricted,225,C0171_add225
,/repositories/5/archival_objects/961965,5,C0812,box,38,,C0812_box_38,/locations/23648,/container_profiles/3,Open,226,C0812_add226
,/repositories/5/archival_objects/961965,5,C0812,box,39,,C0812_box_39,/locations/23648,/container_profiles/3,Open,227,C0812_add227
,/repositories/5/archival_objects/961965,5,C0812,box,40,,C0812_box_40,/locations/23648,/container_profiles/3,Open,228,C0812_add228
,/repositories/5/archival_objects/961965,5,C0812,box,41,,C0812_box_41,/locations/23648,/container_profiles/3,Open,229,C0812_add229
,/repositories/5/archival_objects/961965,5,C0812,box,42,,C0812_box_42,/locations/23648,/container_profiles/3,Open,230,C0812_add230
,/repositories/5/archival_objects/961965,5,C0812,box,43,,C0812_box_43,/locations/23648,/container_profiles/3,Open,231,C0812_add231
,/repositories/5/archival_objects/961965,5,C0812,box,44,,C0812_box_44,/locations/23648,/container_profiles/3,Open,232,C0812_add232
,/repositories/5/archival_objects/884105,5,C0918,box,46,,C0918_box_46,/locations/23657,/container_profiles/3,Open,233,C0918_add233
,/repositories/5/archival_objects/884105,5,C0918,box,47,,C0918_box_47,/locations/23657,/container_profiles/3,Open,234,C0918_add234
,"/repositories/8/archival_objects/1245481, /repositories/8/archival_objects/1245482, /repositories/8/archival_objects/1245486, /repositories/8/archival_objects/1245487, /repositories/8/archival_objects/1245488, /repositories/8/archival_objects/1245489, /repositories/8/archival_objects/1245493, /repositories/8/archival_objects/1245494, /repositories/8/archival_objects/1245495, /repositories/8/archival_objects/1245496, /repositories/8/archival_objects/1245497, /repositories/8/archival_objects/1245498, /repositories/8/archival_objects/1245502, /repositories/8/archival_objects/1245504, /repositories/8/archival_objects/1245505, /repositories/8/archival_objects/1245506, /repositories/8/archival_objects/1245507, /repositories/8/archival_objects/1245508, /repositories/8/archival_objects/1245509, /repositories/8/archival_objects/1245510, /repositories/8/archival_objects/1245511, /repositories/8/archival_objects/1245512, /repositories/8/archival_objects/1245513, /repositories/8/archival_objects/1245332, /repositories/8/archival_objects/1245514, /repositories/8/archival_objects/1245515, /repositories/8/archival_objects/1245516, /repositories/8/archival_objects/1245517, /repositories/8/archival_objects/1245518, /repositories/8/archival_objects/1245519, /repositories/8/archival_objects/1245520, /repositories/8/archival_objects/1245521, /repositories/8/archival_objects/1245522, /repositories/8/archival_objects/1245357, /repositories/8/archival_objects/1245523, /repositories/8/archival_objects/1245363, /repositories/8/archival_objects/1245539, /repositories/8/archival_objects/1245540, /repositories/8/archival_objects/1245541, /repositories/8/archival_objects/1245542, /repositories/8/archival_objects/1245543, /repositories/8/archival_objects/1245544, /repositories/8/archival_objects/1245545, /repositories/8/archival_objects/1245546, /repositories/8/archival_objects/1245547, /repositories/8/archival_objects/1245549",3,LAE026,box,10,,LAE026_box_10,/locations/23662,/container_profiles/3,Open,235,LAE026_add235
,/repositories/3/archival_objects/405057,3,MC001.03.01,box,2150,,MC001.03.01_box_2150,/locations/23649,/container_profiles/3,Review,236,MC001.03.01_add236
,/repositories/3/archival_objects/405057,3,MC001.03.01,box,5714,,MC001.03.01_box_5714,/locations/23649,/container_profiles/3,Review,237,MC001.03.01_add237
,/repositories/3/archival_objects/405058,3,MC001.03.01,box,5718,,MC001.03.01_box_5718,/locations/23649,/container_profiles/3,Review,238,MC001.03.01_add238
,/repositories/3/archival_objects/405058,3,MC001.03.01,box,5719,,MC001.03.01_box_5719,/locations/23649,/container_profiles/3,Review,239,MC001.03.01_add239
,/repositories/3/archival_objects/405058,3,MC001.03.01,box,5720,,MC001.03.01_box_5720,/locations/23649,/container_profiles/3,Review,240,MC001.03.01_add240
,/repositories/3/archival_objects/520753,3,MC006,box,427,,MC006_box_427,/locations/23649,/container_profiles/3,Open,241,MC006_add241
,/repositories/3/archival_objects/528370,3,MC006,box,696,,MC006_box_696,/locations/23649,/container_profiles/3,Open,242,MC006_add242
,/repositories/3/archival_objects/528370,3,MC006,box,697,,MC006_box_697,/locations/23649,/container_profiles/3,Open,243,MC006_add243
,/repositories/3/archival_objects/528372,3,MC006,box,704,,MC006_box_704,/locations/23649,/container_profiles/3,Open,244,MC006_add244
,/repositories/3/archival_objects/528372,3,MC006,box,705,,MC006_box_705,/locations/23649,/container_profiles/3,Open,245,MC006_add245
,/repositories/3/archival_objects/528372,3,MC006,box,706,,MC006_box_706,/locations/23649,/container_profiles/3,Open,246,MC006_add246
,"/repositories/3/archival_objects/520994, /repositories/3/archival_objects/520995, /repositories/3/archival_objects/520996, /repositories/3/archival_objects/520997, /repositories/3/archival_objects/520998, /repositories/3/archival_objects/520999, /repositories/3/archival_objects/521000, /repositories/3/archival_objects/521001, /repositories/3/archival_objects/521002, /repositories/3/archival_objects/521003, /repositories/3/archival_objects/521004, /repositories/3/archival_objects/521005, /repositories/3/archival_objects/521006, /repositories/3/archival_objects/521007, /repositories/3/archival_objects/521008, /repositories/3/archival_objects/521009, /repositories/3/archival_objects/521010, /repositories/3/archival_objects/521011, /repositories/3/archival_objects/521012, /repositories/3/archival_objects/521013, /repositories/3/archival_objects/521014, /repositories/3/archival_objects/521015, /repositories/3/archival_objects/521016, /repositories/3/archival_objects/521017, /repositories/3/archival_objects/521018, /repositories/3/archival_objects/521019, /repositories/3/archival_objects/521020, /repositories/3/archival_objects/521021, /repositories/3/archival_objects/521022, /repositories/3/archival_objects/521023, /repositories/3/archival_objects/521024, /repositories/3/archival_objects/521025, /repositories/3/archival_objects/521026, /repositories/3/archival_objects/521027, /repositories/3/archival_objects/521028, /repositories/3/archival_objects/521029, /repositories/3/archival_objects/521030, /repositories/3/archival_objects/521031, /repositories/3/archival_objects/521032, /repositories/3/archival_objects/521033, /repositories/3/archival_objects/521034, /repositories/3/archival_objects/521035, /repositories/3/archival_objects/521036, /repositories/3/archival_objects/521037, /repositories/3/archival_objects/521038, /repositories/3/archival_objects/521039, /repositories/3/archival_objects/521040, /repositories/3/archival_objects/521041, /repositories/3/archival_objects/521042, /repositories/3/archival_objects/521043, /repositories/3/archival_objects/521044, /repositories/3/archival_objects/521045, /repositories/3/archival_objects/521046, /repositories/3/archival_objects/521047, /repositories/3/archival_objects/521048, /repositories/3/archival_objects/521049, /repositories/3/archival_objects/521050, /repositories/3/archival_objects/521051, /repositories/3/archival_objects/521052, /repositories/3/archival_objects/521053, /repositories/3/archival_objects/521054, /repositories/3/archival_objects/521055, /repositories/3/archival_objects/521056, /repositories/3/archival_objects/521057, /repositories/3/archival_objects/521058, /repositories/3/archival_objects/521059, /repositories/3/archival_objects/521060, /repositories/3/archival_objects/521061, /repositories/3/archival_objects/521062, /repositories/3/archival_objects/521063, /repositories/3/archival_objects/521064, /repositories/3/archival_objects/521065",3,MC006,box,720,,MC006_box_720,/locations/23649,/container_profiles/3,Open,247,MC006_add247
,"/repositories/3/archival_objects/520994, /repositories/3/archival_objects/520995, /repositories/3/archival_objects/520996, /repositories/3/archival_objects/520997, /repositories/3/archival_objects/520998, /repositories/3/archival_objects/520999, /repositories/3/archival_objects/521000, /repositories/3/archival_objects/521001, /repositories/3/archival_objects/521002, /repositories/3/archival_objects/521003, /repositories/3/archival_objects/521004, /repositories/3/archival_objects/521005, /repositories/3/archival_objects/521006, /repositories/3/archival_objects/521007, /repositories/3/archival_objects/521008, /repositories/3/archival_objects/521009, /repositories/3/archival_objects/521010, /repositories/3/archival_objects/521011, /repositories/3/archival_objects/521012, /repositories/3/archival_objects/521013, /repositories/3/archival_objects/521014, /repositories/3/archival_objects/521015, /repositories/3/archival_objects/521016, /repositories/3/archival_objects/521017, /repositories/3/archival_objects/521018, /repositories/3/archival_objects/521019, /repositories/3/archival_objects/521020, /repositories/3/archival_objects/521021, /repositories/3/archival_objects/521022, /repositories/3/archival_objects/521023, /repositories/3/archival_objects/521024, /repositories/3/archival_objects/521025, /repositories/3/archival_objects/521026, /repositories/3/archival_objects/521027, /repositories/3/archival_objects/521028, /repositories/3/archival_objects/521029, /repositories/3/archival_objects/521030, /repositories/3/archival_objects/521031, /repositories/3/archival_objects/521032, /repositories/3/archival_objects/521033, /repositories/3/archival_objects/521034, /repositories/3/archival_objects/521035, /repositories/3/archival_objects/521036, /repositories/3/archival_objects/521037, /repositories/3/archival_objects/521038, /repositories/3/archival_objects/521039, /repositories/3/archival_objects/521040, /repositories/3/archival_objects/521041, /repositories/3/archival_objects/521042, /repositories/3/archival_objects/521043, /repositories/3/archival_objects/521044, /repositories/3/archival_objects/521045, /repositories/3/archival_objects/521046, /repositories/3/archival_objects/521047, /repositories/3/archival_objects/521048, /repositories/3/archival_objects/521049, /repositories/3/archival_objects/521050, /repositories/3/archival_objects/521051, /repositories/3/archival_objects/521052, /repositories/3/archival_objects/521053, /repositories/3/archival_objects/521054, /repositories/3/archival_objects/521055, /repositories/3/archival_objects/521056, /repositories/3/archival_objects/521057, /repositories/3/archival_objects/521058, /repositories/3/archival_objects/521059, /repositories/3/archival_objects/521060, /repositories/3/archival_objects/521061, /repositories/3/archival_objects/521062, /repositories/3/archival_objects/521063, /repositories/3/archival_objects/521064, /repositories/3/archival_objects/521065",3,MC006,box,721,,MC006_box_721,/locations/23649,/container_profiles/3,Open,248,MC006_add248
,"/repositories/3/archival_objects/521103, /repositories/3/archival_objects/521104, /repositories/3/archival_objects/521105, /repositories/3/archival_objects/521106, /repositories/3/archival_objects/521107, /repositories/3/archival_objects/521108, /repositories/3/archival_objects/521109, /repositories/3/archival_objects/521110, /repositories/3/archival_objects/521111, /repositories/3/archival_objects/521112, /repositories/3/archival_objects/521113, /repositories/3/archival_objects/521114, /repositories/3/archival_objects/521115, /repositories/3/archival_objects/521116, /repositories/3/archival_objects/521117, /repositories/3/archival_objects/521118, /repositories/3/archival_objects/521119, /repositories/3/archival_objects/521120, /repositories/3/archival_objects/521121, /repositories/3/archival_objects/521122, /repositories/3/archival_objects/521123, /repositories/3/archival_objects/521124, /repositories/3/archival_objects/521125, /repositories/3/archival_objects/521126, /repositories/3/archival_objects/521127, /repositories/3/archival_objects/521128, /repositories/3/archival_objects/521129, /repositories/3/archival_objects/521130, /repositories/3/archival_objects/521131, /repositories/3/archival_objects/521132, /repositories/3/archival_objects/521133, /repositories/3/archival_objects/521134, /repositories/3/archival_objects/521135, /repositories/3/archival_objects/521136, /repositories/3/archival_objects/521137, /repositories/3/archival_objects/521138, /repositories/3/archival_objects/521139, /repositories/3/archival_objects/521140, /repositories/3/archival_objects/521141, /repositories/3/archival_objects/521142, /repositories/3/archival_objects/521143, /repositories/3/archival_objects/521144, /repositories/3/archival_objects/521145, /repositories/3/archival_objects/521146, /repositories/3/archival_objects/521147, /repositories/3/archival_objects/521148, /repositories/3/archival_objects/521149, /repositories/3/archival_objects/521150, /repositories/3/archival_objects/521151, /repositories/3/archival_objects/521152, /repositories/3/archival_objects/521153, /repositories/3/archival_objects/521154, /repositories/3/archival_objects/521155, /repositories/3/archival_objects/521156, /repositories/3/archival_objects/521157, /repositories/3/archival_objects/521158, /repositories/3/archival_objects/521159, /repositories/3/archival_objects/521160, /repositories/3/archival_objects/521161, /repositories/3/archival_objects/521162, /repositories/3/archival_objects/521163, /repositories/3/archival_objects/521164, /repositories/3/archival_objects/521165, /repositories/3/archival_objects/521166, /repositories/3/archival_objects/521167, /repositories/3/archival_objects/521168, /repositories/3/archival_objects/521169, /repositories/3/archival_objects/521170, /repositories/3/archival_objects/521171, /repositories/3/archival_objects/521172, /repositories/3/archival_objects/521173, /repositories/3/archival_objects/521174, /repositories/3/archival_objects/521175, /repositories/3/archival_objects/521176, /repositories/3/archival_objects/521177, /repositories/3/archival_objects/521178, /repositories/3/archival_objects/521179, /repositories/3/archival_objects/521180, /repositories/3/archival_objects/521181, /repositories/3/archival_objects/521182, /repositories/3/archival_objects/521183, /repositories/3/archival_objects/521184, /repositories/3/archival_objects/521185, /repositories/3/archival_objects/521186, /repositories/3/archival_objects/521187, /repositories/3/archival_objects/521188",3,MC006,box,734,,MC006_box_734,/locations/23649,/container_profiles/3,Open,249,MC006_add249
,"/repositories/3/archival_objects/521103, /repositories/3/archival_objects/521104, /repositories/3/archival_objects/521105, /repositories/3/archival_objects/521106, /repositories/3/archival_objects/521107, /repositories/3/archival_objects/521108, /repositories/3/archival_objects/521109, /repositories/3/archival_objects/521110, /repositories/3/archival_objects/521111, /repositories/3/archival_objects/521112, /repositories/3/archival_objects/521113, /repositories/3/archival_objects/521114, /repositories/3/archival_objects/521115, /repositories/3/archival_objects/521116, /repositories/3/archival_objects/521117, /repositories/3/archival_objects/521118, /repositories/3/archival_objects/521119, /repositories/3/archival_objects/521120, /repositories/3/archival_objects/521121, /repositories/3/archival_objects/521122, /repositories/3/archival_objects/521123, /repositories/3/archival_objects/521124, /repositories/3/archival_objects/521125, /repositories/3/archival_objects/521126, /repositories/3/archival_objects/521127, /repositories/3/archival_objects/521128, /repositories/3/archival_objects/521129, /repositories/3/archival_objects/521130, /repositories/3/archival_objects/521131, /repositories/3/archival_objects/521132, /repositories/3/archival_objects/521133, /repositories/3/archival_objects/521134, /repositories/3/archival_objects/521135, /repositories/3/archival_objects/521136, /repositories/3/archival_objects/521137, /repositories/3/archival_objects/521138, /repositories/3/archival_objects/521139, /repositories/3/archival_objects/521140, /repositories/3/archival_objects/521141, /repositories/3/archival_objects/521142, /repositories/3/archival_objects/521143, /repositories/3/archival_objects/521144, /repositories/3/archival_objects/521145, /repositories/3/archival_objects/521146, /repositories/3/archival_objects/521147, /repositories/3/archival_objects/521148, /repositories/3/archival_objects/521149, /repositories/3/archival_objects/521150, /repositories/3/archival_objects/521151, /repositories/3/archival_objects/521152, /repositories/3/archival_objects/521153, /repositories/3/archival_objects/521154, /repositories/3/archival_objects/521155, /repositories/3/archival_objects/521156, /repositories/3/archival_objects/521157, /repositories/3/archival_objects/521158, /repositories/3/archival_objects/521159, /repositories/3/archival_objects/521160, /repositories/3/archival_objects/521161, /repositories/3/archival_objects/521162, /repositories/3/archival_objects/521163, /repositories/3/archival_objects/521164, /repositories/3/archival_objects/521165, /repositories/3/archival_objects/521166, /repositories/3/archival_objects/521167, /repositories/3/archival_objects/521168, /repositories/3/archival_objects/521169, /repositories/3/archival_objects/521170, /repositories/3/archival_objects/521171, /repositories/3/archival_objects/521172, /repositories/3/archival_objects/521173, /repositories/3/archival_objects/521174, /repositories/3/archival_objects/521175, /repositories/3/archival_objects/521176, /repositories/3/archival_objects/521177, /repositories/3/archival_objects/521178, /repositories/3/archival_objects/521179, /repositories/3/archival_objects/521180, /repositories/3/archival_objects/521181, /repositories/3/archival_objects/521182, /repositories/3/archival_objects/521183, /repositories/3/archival_objects/521184, /repositories/3/archival_objects/521185, /repositories/3/archival_objects/521186, /repositories/3/archival_objects/521187, /repositories/3/archival_objects/521188",3,MC006,box,735,,MC006_box_735,/locations/23649,/container_profiles/3,Open,250,MC006_add250
,"/repositories/3/archival_objects/521189, /repositories/3/archival_objects/521190, /repositories/3/archival_objects/521191, /repositories/3/archival_objects/521192, /repositories/3/archival_objects/521193, /repositories/3/archival_objects/521194, /repositories/3/archival_objects/521195, /repositories/3/archival_objects/528384, /repositories/3/archival_objects/528385, /repositories/3/archival_objects/521197, /repositories/3/archival_objects/521198, /repositories/3/archival_objects/521199, /repositories/3/archival_objects/521200, /repositories/3/archival_objects/521201, /repositories/3/archival_objects/521202, /repositories/3/archival_objects/521203, /repositories/3/archival_objects/521204, /repositories/3/archival_objects/521205, /repositories/3/archival_objects/521206, /repositories/3/archival_objects/521207, /repositories/3/archival_objects/521208, /repositories/3/archival_objects/521209, /repositories/3/archival_objects/521210, /repositories/3/archival_objects/521211, /repositories/3/archival_objects/521212, /repositories/3/archival_objects/521213, /repositories/3/archival_objects/521214, /repositories/3/archival_objects/521215, /repositories/3/archival_objects/521216, /repositories/3/archival_objects/521217, /repositories/3/archival_objects/521218, /repositories/3/archival_objects/521219",3,MC006,box,739,,MC006_box_739,/locations/23649,/container_profiles/3,Open,251,MC006_add251
,"/repositories/3/archival_objects/521189, /repositories/3/archival_objects/521190, /repositories/3/archival_objects/521191, /repositories/3/archival_objects/521192, /repositories/3/archival_objects/521193, /repositories/3/archival_objects/521194, /repositories/3/archival_objects/521195, /repositories/3/archival_objects/528384, /repositories/3/archival_objects/528385, /repositories/3/archival_objects/521197, /repositories/3/archival_objects/521198, /repositories/3/archival_objects/521199, /repositories/3/archival_objects/521200, /repositories/3/archival_objects/521201, /repositories/3/archival_objects/521202, /repositories/3/archival_objects/521203, /repositories/3/archival_objects/521204, /repositories/3/archival_objects/521205, /repositories/3/archival_objects/521206, /repositories/3/archival_objects/521207, /repositories/3/archival_objects/521208, /repositories/3/archival_objects/521209, /repositories/3/archival_objects/521210, /repositories/3/archival_objects/521211, /repositories/3/archival_objects/521212, /repositories/3/archival_objects/521213, /repositories/3/archival_objects/521214, /repositories/3/archival_objects/521215, /repositories/3/archival_objects/521216, /repositories/3/archival_objects/521217, /repositories/3/archival_objects/521218, /repositories/3/archival_objects/521219",3,MC006,box,740,,MC006_box_740,/locations/23649,/container_profiles/3,Open,252,MC006_add252
,/repositories/3/archival_objects/520227,3,MC047,box,10,,MC047_box_10,/locations/23649,/container_profiles/3,Open,253,MC047_add253
,/repositories/3/archival_objects/520233,3,MC047,box,15,,MC047_box_15,/locations/23649,/container_profiles/3,Open,254,MC047_add254
,/repositories/3/archival_objects/520233,3,MC047,box,16,,MC047_box_16,/locations/23649,/container_profiles/3,Open,255,MC047_add255
,/repositories/3/archival_objects/520217,3,MC047,box,38,,MC047_box_38,/locations/23649,/container_profiles/3,Open,256,MC047_add256
,/repositories/3/archival_objects/520217,3,MC047,box,39,,MC047_box_39,/locations/23649,/container_profiles/3,Open,257,MC047_add257
,/repositories/3/archival_objects/520217,3,MC047,box,40,,MC047_box_40,/locations/23649,/container_profiles/3,Open,258,MC047_add258
,/repositories/3/archival_objects/520217,3,MC047,box,41,,MC047_box_41,/locations/23649,/container_profiles/3,Open,259,MC047_add259
,/repositories/3/archival_objects/520217,3,MC047,box,42,,MC047_box_42,/locations/23649,/container_profiles/3,Open,260,MC047_add260
,/repositories/3/archival_objects/520217,3,MC047,box,43,,MC047_box_43,/locations/23649,/container_profiles/3,Open,261,MC047_add261
,/repositories/3/archival_objects/520227,3,MC047,box,8,,MC047_box_8,/locations/23649,/container_profiles/3,Open,262,MC047_add262
,/repositories/3/archival_objects/520227,3,MC047,box,9,,MC047_box_9,/locations/23649,/container_profiles/3,Open,263,MC047_add263
,/repositories/3/archival_objects/359124,3,MC165,box,181,,MC165_box_181,/locations/23652,/container_profiles/3,Open,264,MC165_add264
,/repositories/3/archival_objects/359124,3,MC165,box,182,,MC165_box_182,/locations/23652,/container_profiles/3,Open,265,MC165_add265
,/repositories/3/archival_objects/359124,3,MC165,box,183,,MC165_box_183,/locations/23652,/container_profiles/3,Open,266,MC165_add266
,/repositories/3/archival_objects/359124,3,MC165,box,184,,MC165_box_184,/locations/23652,/container_profiles/3,Open,267,MC165_add267
,/repositories/3/archival_objects/359124,3,MC165,box,185,,MC165_box_185,/locations/23652,/container_profiles/3,Open,268,MC165_add268
,/repositories/3/archival_objects/359124,3,MC165,box,186,,MC165_box_186,/locations/23652,/container_profiles/3,Open,269,MC165_add269
,/repositories/3/archival_objects/359124,3,MC165,box,187,,MC165_box_187,/locations/23652,/container_profiles/3,Open,270,MC165_add270
,/repositories/3/archival_objects/359124,3,MC165,box,188,,MC165_box_188,/locations/23652,/container_profiles/3,Open,271,MC165_add271
,/repositories/3/archival_objects/359125,3,MC165,box,192,,MC165_box_192,/locations/23652,/container_profiles/3,Open,272,MC165_add272
,/repositories/3/archival_objects/359125,3,MC165,box,193,,MC165_box_193,/locations/23652,/container_profiles/3,Open,273,MC165_add273
,/repositories/3/archival_objects/359125,3,MC165,box,194,,MC165_box_194,/locations/23652,/container_profiles/3,Open,274,MC165_add274
,/repositories/3/archival_objects/359125,3,MC165,box,195,,MC165_box_195,/locations/23652,/container_profiles/3,Open,275,MC165_add275
,/repositories/3/archival_objects/359125,3,MC165,box,196,,MC165_box_196,/locations/23652,/container_profiles/3,Open,276,MC165_add276
,/repositories/3/archival_objects/358946,3,MC165,box,2,,MC165_box_2,/locations/23652,/container_profiles/3,Open,277,MC165_add277
,/repositories/3/archival_objects/359126,3,MC165,box,200,,MC165_box_200,/locations/23652,/container_profiles/3,Open,278,MC165_add278
,/repositories/3/archival_objects/359149,3,MC165,box,253,,MC165_box_253,/locations/23652,/container_profiles/3,Open,279,MC165_add279
,/repositories/3/archival_objects/359151,3,MC165,box,261,,MC165_box_261,/locations/23652,/container_profiles/3,Open,280,MC165_add280
,/repositories/3/archival_objects/359154,3,MC165,box,268,,MC165_box_268,/locations/23652,/container_profiles/3,Open,281,MC165_add281
,/repositories/3/archival_objects/359154,3,MC165,box,269,,MC165_box_269,/locations/23652,/container_profiles/3,Open,282,MC165_add282
,/repositories/3/archival_objects/359156,3,MC165,box,279,,MC165_box_279,/locations/23652,/container_profiles/3,Open,283,MC165_add283
,/repositories/3/archival_objects/359167,3,MC165,box,303,,MC165_box_303,/locations/23652,/container_profiles/3,Open,284,MC165_add284
,/repositories/3/archival_objects/359167,3,MC165,box,304,,MC165_box_304,/locations/23652,/container_profiles/3,Open,285,MC165_add285
,/repositories/3/archival_objects/359196,3,MC165,box,343,,MC165_box_343,/locations/23652,/container_profiles/3,Open,286,MC165_add286
,/repositories/3/archival_objects/359230,3,MC165,box,382,,MC165_box_382,/locations/23652,/container_profiles/3,Open,287,MC165_add287
,/repositories/3/archival_objects/359230,3,MC165,box,383,,MC165_box_383,/locations/23652,/container_profiles/3,Open,288,MC165_add288
,/repositories/3/archival_objects/359265,3,MC165,box,423,,MC165_box_423,/locations/23652,/container_profiles/3,Open,289,MC165_add289
,/repositories/3/archival_objects/359265,3,MC165,box,424,,MC165_box_424,/locations/23652,/container_profiles/3,Open,290,MC165_add290
,/repositories/3/archival_objects/359308,3,MC165,box,492,,MC165_box_492,/locations/23652,/container_profiles/3,Open,291,MC165_add291
,/repositories/3/archival_objects/359308,3,MC165,box,493,,MC165_box_493,/locations/23652,/container_profiles/3,Open,292,MC165_add292
,/repositories/3/archival_objects/364457,3,MC175,box,28,,MC175_box_28,/locations/23652,/container_profiles/3,Open,293,MC175_add293
,/repositories/3/archival_objects/364458,3,MC175,box,32,,MC175_box_32,/locations/23652,/container_profiles/3,Open,294,MC175_add294
,/repositories/3/archival_objects/364462,3,MC175,box,40,,MC175_box_40,/locations/23652,/container_profiles/3,Open,295,MC175_add295
,/repositories/3/archival_objects/364469,3,MC175,box,87,,MC175_box_87,/locations/23652,/container_profiles/3,Open,296,MC175_add296
,/repositories/3/archival_objects/364469,3,MC175,box,88,,MC175_box_88,/locations/23652,/container_profiles/3,Open,297,MC175_add297
,/repositories/3/archival_objects/364469,3,MC175,box,89,,MC175_box_89,/locations/23652,/container_profiles/3,Open,298,MC175_add298
,/repositories/3/archival_objects/364469,3,MC175,box,90,,MC175_box_90,/locations/23652,/container_profiles/3,Open,299,MC175_add299
,/repositories/3/archival_objects/365289,3,MC178,box,466,,MC178_box_466,/locations/23649,/container_profiles/3,Open,300,MC178_add300
,/repositories/3/archival_objects/365289,3,MC178,box,467,,MC178_box_467,/locations/23649,/container_profiles/3,Open,301,MC178_add301
,/repositories/3/archival_objects/365289,3,MC178,box,468,,MC178_box_468,/locations/23649,/container_profiles/3,Open,302,MC178_add302
,/repositories/3/archival_objects/365289,3,MC178,box,469,,MC178_box_469,/locations/23649,/container_profiles/3,Open,303,MC178_add303
,/repositories/3/archival_objects/365289,3,MC178,box,470,,MC178_box_470,/locations/23649,/container_profiles/3,Open,304,MC178_add304
,/repositories/3/archival_objects/365289,3,MC178,box,471,,MC178_box_471,/locations/23649,/container_profiles/3,Open,305,MC178_add305
,/repositories/3/archival_objects/365289,3,MC178,box,472,,MC178_box_472,/locations/23649,/container_profiles/3,Open,306,MC178_add306
,/repositories/3/archival_objects/365289,3,MC178,box,473,,MC178_box_473,/locations/23649,/container_profiles/3,Open,307,MC178_add307
,/repositories/3/archival_objects/365289,3,MC178,box,474,,MC178_box_474,/locations/23649,/container_profiles/3,Open,308,MC178_add308
,/repositories/3/archival_objects/365289,3,MC178,box,475,,MC178_box_475,/locations/23649,/container_profiles/3,Open,309,MC178_add309
,/repositories/3/archival_objects/365289,3,MC178,box,476,,MC178_box_476,/locations/23649,/container_profiles/3,Open,310,MC178_add310
,/repositories/3/archival_objects/365289,3,MC178,box,477,,MC178_box_477,/locations/23649,/container_profiles/3,Open,311,MC178_add311
,/repositories/3/archival_objects/365289,3,MC178,box,478,,MC178_box_478,/locations/23649,/container_profiles/3,Open,312,MC178_add312
,/repositories/3/archival_objects/365289,3,MC178,box,479,,MC178_box_479,/locations/23649,/container_profiles/3,Open,313,MC178_add313
,/repositories/3/archival_objects/365289,3,MC178,box,480,,MC178_box_480,/locations/23649,/container_profiles/3,Open,314,MC178_add314
,/repositories/3/archival_objects/365289,3,MC178,box,481,,MC178_box_481,/locations/23649,/container_profiles/3,Open,315,MC178_add315
,/repositories/3/archival_objects/365289,3,MC178,box,482,,MC178_box_482,/locations/23649,/container_profiles/3,Open,316,MC178_add316
,/repositories/3/archival_objects/365289,3,MC178,box,483,,MC178_box_483,/locations/23649,/container_profiles/3,Open,317,MC178_add317
,/repositories/3/archival_objects/365289,3,MC178,box,484,,MC178_box_484,/locations/23649,/container_profiles/3,Open,318,MC178_add318
,/repositories/3/archival_objects/365289,3,MC178,box,485,,MC178_box_485,/locations/23649,/container_profiles/3,Open,319,MC178_add319
,/repositories/3/archival_objects/365298,3,MC178,box,499,,MC178_box_499,/locations/23649,/container_profiles/3,Open,320,MC178_add320
,/repositories/3/archival_objects/365298,3,MC178,box,500,,MC178_box_500,/locations/23649,/container_profiles/3,Open,321,MC178_add321
,/repositories/3/archival_objects/365298,3,MC178,box,501,,MC178_box_501,/locations/23649,/container_profiles/3,Open,322,MC178_add322
,/repositories/3/archival_objects/365298,3,MC178,box,502,,MC178_box_502,/locations/23649,/container_profiles/3,Open,323,MC178_add323
,/repositories/3/archival_objects/365298,3,MC178,box,503,,MC178_box_503,/locations/23649,/container_profiles/3,Open,324,MC178_add324
,/repositories/3/archival_objects/365298,3,MC178,box,504,,MC178_box_504,/locations/23649,/container_profiles/3,Open,325,MC178_add325
,/repositories/3/archival_objects/365298,3,MC178,box,505,,MC178_box_505,/locations/23649,/container_profiles/3,Open,326,MC178_add326
,/repositories/3/archival_objects/365298,3,MC178,box,506,,MC178_box_506,/locations/23649,/container_profiles/3,Open,327,MC178_add327
,/repositories/3/archival_objects/365298,3,MC178,box,507,,MC178_box_507,/locations/23649,/container_profiles/3,Open,328,MC178_add328
,/repositories/3/archival_objects/365300,3,MC178,box,513,,MC178_box_513,/locations/23649,/container_profiles/3,Open,329,MC178_add329
,/repositories/3/archival_objects/365300,3,MC178,box,514,,MC178_box_514,/locations/23649,/container_profiles/3,Open,330,MC178_add330
,/repositories/3/archival_objects/365300,3,MC178,box,515,,MC178_box_515,/locations/23649,/container_profiles/3,Open,331,MC178_add331
,/repositories/3/archival_objects/365300,3,MC178,box,516,,MC178_box_516,/locations/23649,/container_profiles/3,Open,332,MC178_add332
,/repositories/3/archival_objects/365300,3,MC178,box,517,,MC178_box_517,/locations/23649,/container_profiles/3,Open,333,MC178_add333
,/repositories/3/archival_objects/365300,3,MC178,box,518,,MC178_box_518,/locations/23649,/container_profiles/3,Open,334,MC178_add334
,/repositories/3/archival_objects/365300,3,MC178,box,519,,MC178_box_519,/locations/23649,/container_profiles/3,Open,335,MC178_add335
,/repositories/3/archival_objects/365301,3,MC178,box,523,,MC178_box_523,/locations/23649,/container_profiles/3,Open,336,MC178_add336
,/repositories/3/archival_objects/365301,3,MC178,box,524,,MC178_box_524,/locations/23649,/container_profiles/3,Open,337,MC178_add337
,/repositories/3/archival_objects/365301,3,MC178,box,525,,MC178_box_525,/locations/23649,/container_profiles/3,Open,338,MC178_add338
,/repositories/3/archival_objects/365301,3,MC178,box,526,,MC178_box_526,/locations/23649,/container_profiles/3,Open,339,MC178_add339
,/repositories/3/archival_objects/365301,3,MC178,box,527,,MC178_box_527,/locations/23649,/container_profiles/3,Open,340,MC178_add340
,/repositories/3/archival_objects/365301,3,MC178,box,528,,MC178_box_528,/locations/23649,/container_profiles/3,Open,341,MC178_add341
,/repositories/3/archival_objects/365301,3,MC178,box,529,,MC178_box_529,/locations/23649,/container_profiles/3,Open,342,MC178_add342
,/repositories/3/archival_objects/365301,3,MC178,box,531,,MC178_box_531,/locations/23649,/container_profiles/3,Open,343,MC178_add343
,/repositories/3/archival_objects/365301,3,MC178,box,532,,MC178_box_532,/locations/23649,/container_profiles/3,Open,344,MC178_add344
,/repositories/3/archival_objects/365304,3,MC178,box,666,,MC178_box_666,/locations/23649,/container_profiles/3,Open,345,MC178_add345
,/repositories/3/archival_objects/365304,3,MC178,box,667,,MC178_box_667,/locations/23649,/container_profiles/3,Open,346,MC178_add346
,/repositories/3/archival_objects/365304,3,MC178,box,668,,MC178_box_668,/locations/23649,/container_profiles/3,Open,347,MC178_add347
,/repositories/3/archival_objects/365304,3,MC178,box,669,,MC178_box_669,/locations/23649,/container_profiles/3,Open,348,MC178_add348
,/repositories/3/archival_objects/365304,3,MC178,box,670,,MC178_box_670,/locations/23649,/container_profiles/3,Open,349,MC178_add349
,/repositories/3/archival_objects/365304,3,MC178,box,671,,MC178_box_671,/locations/23649,/container_profiles/3,Open,350,MC178_add350
,/repositories/3/archival_objects/365305,3,MC178,box,675,,MC178_box_675,/locations/23649,/container_profiles/3,Open,351,MC178_add351
,/repositories/3/archival_objects/365305,3,MC178,box,676,,MC178_box_676,/locations/23649,/container_profiles/3,Open,352,MC178_add352
,/repositories/3/archival_objects/365305,3,MC178,box,677,,MC178_box_677,/locations/23649,/container_profiles/3,Open,353,MC178_add353
,/repositories/3/archival_objects/365305,3,MC178,box,678,,MC178_box_678,/locations/23649,/container_profiles/3,Open,354,MC178_add354
,/repositories/3/archival_objects/365305,3,MC178,box,679,,MC178_box_679,/locations/23649,/container_profiles/3,Open,355,MC178_add355
,"/repositories/6/archival_objects/483399, /repositories/6/archival_objects/483399",6,WC038,box,11,,WC038_box_11,/locations/23662,/container_profiles/3,Open,356,WC038_add356