blank,tc_type,tc_indicator,string,repo,barcode,ils_holding_id,location,profile,restriction
,box,117,AC047_box_117,4,32101106146119,AC047_i196,/locations/23649,/container_profiles/3,Open
,box,181,AC047_box_181,4,32101106146754,AC047_i64,/locations/23649,/container_profiles/3,Open
,box,185,AC047_box_185,4,32101106146796,AC047_i59,/locations/23649,/container_profiles/3,Restricted
,box,35,AC047_box_35,4,32101106145293,AC047_i138,/locations/23649,/container_profiles/3,Open
,box,37,AC047_box_37,4,32101106145319,AC047_i202,/locations/23649,/container_profiles/3,Open
,box,85,AC047_box_85,4,32101106145798,AC047_i69,/locations/23649,/container_profiles/3,Open
,box,104,AC105.03_box_104,4,AC105.03_n60,AC105.03_n60,/locations/23649,/container_profiles/3,Restricted
,box,105,AC105.03_box_105,4,AC105.03_n61,AC105.03_n61,/locations/23649,/container_profiles/3,Restricted
,box,106,AC105.03_box_106,4,AC105.03_n62,AC105.03_n62,/locations/23649,/container_profiles/3,Restricted
,box,107,AC105.03_box_107,4,AC105.03_n63,AC105.03_n63,/locations/23649,/container_profiles/3,Restricted
,box,108,AC105.03_box_108,4,AC105.03_n64,AC105.03_n64,/locations/23649,/container_profiles/3,Restricted
,box,109,AC105.03_box_109,4,AC105.03_n65,AC105.03_n65,/locations/23649,/container_profiles/3,Restricted
,box,110,AC105.03_box_110,4,AC105.03_n66,AC105.03_n66,/locations/23649,/container_profiles/3,Restricted
,box,111,AC105.03_box_111,4,AC105.03_n67,AC105.03_n67,/locations/23649,/container_profiles/3,Restricted
,box,112,AC105.03_box_112,4,AC105.03_n68,AC105.03_n68,/locations/23649,/container_profiles/3,Restricted
,box,119,AC105.03_box_119,4,AC105.03_n75,AC105.03_n75,/locations/23649,/container_profiles/3,Restricted
,box,49,AC105.03_box_49,4,AC105.03_n3,AC105.03_n3,/locations/23649,/container_profiles/3,Restricted
,box,50,AC105.03_box_50,4,AC105.03_n4,AC105.03_n4,/locations/23649,/container_profiles/3,Restricted
,box,51,AC105.03_box_51,4,AC105.03_n5,AC105.03_n5,/locations/23649,/container_profiles/3,Restricted
,box,52,AC105.03_box_52,4,AC105.03_n6,AC105.03_n6,/locations/23649,/container_profiles/3,Restricted
,box,53,AC105.03_box_53,4,AC105.03_n7,AC105.03_n7,/locations/23649,/container_profiles/3,Restricted
,box,54,AC105.03_box_54,4,AC105.03_n8,AC105.03_n8,/locations/23649,/container_profiles/3,Restricted
,box,55,AC105.03_box_55,4,AC105.03_n9,AC105.03_n9,/locations/23649,/container_profiles/3,Restricted
,box,56,AC105.03_box_56,4,AC105.03_n10,AC105.03_n10,/locations/23649,/container_profiles/3,Restricted
,box,782,AC105.03_box_782,4,AC105.03_add1,AC105.03_add1,/locations/23652,/container_profiles/3,Open
,box,783,AC105.03_box_783,4,AC105.03_add2,AC105.03_add2,/locations/23652,/container_profiles/3,Open
,box,784,AC105.03_box_784,4,AC105.03_add3,AC105.03_add3,/locations/23652,/container_profiles/3,Open
,box,542,AC105.05_box_542,4,AC105.05_n105,AC105.05_n105,/locations/23649,/container_profiles/3,Restricted
,box,543,AC105.05_box_543,4,AC105.05_n108,AC105.05_n108,/locations/23649,/container_profiles/3,Restricted
,box,544,AC105.05_box_544,4,AC105.05_n144,AC105.05_n144,/locations/23649,/container_profiles/3,Restricted
,box,545,AC105.05_box_545,4,AC105.05_n111,AC105.05_n111,/locations/23649,/container_profiles/3,Restricted
,box,546,AC105.05_box_546,4,AC105.05_n115,AC105.05_n115,/locations/23649,/container_profiles/3,Restricted
,box,547,AC105.05_box_547,4,AC105.05_n116,AC105.05_n116,/locations/23649,/container_profiles/3,Restricted
,box,548,AC105.05_box_548,4,AC105.05_n118,AC105.05_n118,/locations/23649,/container_profiles/3,Restricted
,box,634,AC105.05_box_634,4,AC105.05_n162,AC105.05_n162,/locations/23649,/container_profiles/3,Restricted
,box,785,AC105.05_box_785,4,AC105.05_n154,AC105.05_n154,/locations/23649,/container_profiles/3,Restricted
,box,786,AC105.05_box_786,4,AC105.05_add4,AC105.05_add4,/locations/23652,/container_profiles/3,Open
,box,null,AC105.05_box_null,4,AC105.05_n34,AC105.05_n34,/locations/23649,/container_profiles/3,Restricted
,box,FAC14,AC107_box_FAC14,4,AC107_n1,AC107_n1,/locations/23649,/container_profiles/3,Restricted
,box,FAC15,AC107_box_FAC15,4,AC107_add5,AC107_add5,/locations/23652,/container_profiles/3,Open
,box,166,AC283_box_166,4,32101113309163,AC283_i168,/locations/23649,/container_profiles/3,Restricted
,box,167,AC283_box_167,4,AC283_add6,AC283_add6,/locations/23652,/container_profiles/3,Open
,box,313,AC283_box_313,4,32101113310625,AC283_i315,/locations/23649,/container_profiles/3,Restricted
,box,314,AC283_box_314,4,AC283_add7,AC283_add7,/locations/23652,/container_profiles/3,Open
,box,1,C0171_box_1,5,C0171_n156,C0171_n156,/locations/23649,/container_profiles/3,Restricted
,box,105,C0171_box_105,5,C0171_n60,C0171_n60,/locations/23649,/container_profiles/3,Restricted
,box,106,C0171_box_106,5,C0171_add8,C0171_add8,/locations/23652,/container_profiles/3,Open
,box,107,C0171_box_107,5,C0171_add9,C0171_add9,/locations/23652,/container_profiles/3,Open
,box,109,C0171_box_109,5,C0171_n155,C0171_n155,/locations/23662,/container_profiles/3,Restricted
,box,110,C0171_box_110,5,C0171_add10,C0171_add10,/locations/23652,/container_profiles/3,Open
,box,111,C0171_box_111,5,C0171_add11,C0171_add11,/locations/23652,/container_profiles/3,Open
,box,2,C0171_box_2,5,C0171_add12,C0171_add12,/locations/23652,/container_profiles/3,Open
,box,3,C0171_box_3,5,C0171_add13,C0171_add13,/locations/23652,/container_profiles/3,Open
,box,7,C0171_box_7,5,C0171_n159,C0171_n159,/locations/23649,/container_profiles/3,Restricted
,box,8,C0171_box_8,5,C0171_n160,C0171_n160,/locations/23649,/container_profiles/3,Restricted
,box,90,C0171_box_90,5,C0171_n10,C0171_n10,/locations/23662,/container_profiles/3,Restricted
,box,91,C0171_box_91,5,C0171_add14,C0171_add14,/locations/23652,/container_profiles/3,Open
,box,92,C0171_box_92,5,C0171_add15,C0171_add15,/locations/23652,/container_profiles/3,Open
,box,35,C0812_box_35,5,C0812_n35,C0812_n35,/locations/23662,/container_profiles/3,Restricted
,box,36,C0812_box_36,5,C0812_add16,C0812_add16,/locations/23652,/container_profiles/3,Open
,box,37,C0812_box_37,5,C0812_add17,C0812_add17,/locations/23652,/container_profiles/3,Open
,box,43,C0918_box_43,5,C0918_n1,C0918_n1,/locations/23662,/container_profiles/3,Restricted
,box,44,C0918_box_44,5,C0918_add18,C0918_add18,/locations/23652,/container_profiles/3,Open
,box,45,C0918_box_45,5,C0918_add19,C0918_add19,/locations/23652,/container_profiles/3,Open
,box,1,C1623_box_1,5,C1623_n1,C1623_n1,/locations/23662,/container_profiles/3,Restricted
,box,2,C1623_box_2,5,C1623_n2,C1623_n2,/locations/23662,/container_profiles/3,Restricted
,box,10,LAE026_box_10,8,LAE026_add20,LAE026_add20,/locations/23652,/container_profiles/3,Open
,box,9,LAE026_box_9,8,LAE026_n2,LAE026_n2,/locations/23662,/container_profiles/3,Restricted
,box,424,MC006_box_424,3,MC006_n377,MC006_n377,/locations/23662,/container_profiles/3,Restricted
,box,425,MC006_box_425,3,MC006_add21,MC006_add21,/locations/23652,/container_profiles/3,Open
,box,426,MC006_box_426,3,MC006_add22,MC006_add22,/locations/23652,/container_profiles/3,Open
,box,430,MC006_box_430,3,MC006_n380,MC006_n380,/locations/23662,/container_profiles/3,Restricted
,box,431,MC006_box_431,3,MC006_add23,MC006_add23,/locations/23652,/container_profiles/3,Open
,box,447,MC006_box_447,3,MC006_n396,MC006_n396,/locations/23662,/container_profiles/3,Restricted
,box,448,MC006_box_448,3,MC006_add24,MC006_add24,/locations/23652,/container_profiles/3,Open
,box,533,MC006_box_533,3,MC006_n477,MC006_n477,/locations/23662,/container_profiles/3,Restricted
,box,534,MC006_box_534,3,MC006_add25,MC006_add25,/locations/23652,/container_profiles/3,Open
,box,537,MC006_box_537,3,MC006_n480,MC006_n480,/locations/23662,/container_profiles/3,Restricted
,box,538,MC006_box_538,3,MC006_add26,MC006_add26,/locations/23652,/container_profiles/3,Open
,box,693,MC006_box_693,3,MC006_n634,MC006_n634,/locations/23662,/container_profiles/3,Restricted
,box,694,MC006_box_694,3,MC006_add27,MC006_add27,/locations/23652,/container_profiles/3,Open
,box,695,MC006_box_695,3,MC006_add28,MC006_add28,/locations/23652,/container_profiles/3,Open
,box,698,MC006_box_698,3,MC006_n635,MC006_n635,/locations/23662,/container_profiles/3,Restricted
,box,699,MC006_box_699,3,MC006_add29,MC006_add29,/locations/23652,/container_profiles/3,Open
,box,700,MC006_box_700,3,MC006_add30,MC006_add30,/locations/23652,/container_profiles/3,Open
,box,701,MC006_box_701,3,MC006_n636,MC006_n636,/locations/23662,/container_profiles/3,Restricted
,box,702,MC006_box_702,3,MC006_add31,MC006_add31,/locations/23652,/container_profiles/3,Open
,box,703,MC006_box_703,3,MC006_add32,MC006_add32,/locations/23652,/container_profiles/3,Open
,box,707,MC006_box_707,3,MC006_n637,MC006_n637,/locations/23662,/container_profiles/3,Restricted
,box,708,MC006_box_708,3,MC006_add33,MC006_add33,/locations/23652,/container_profiles/3,Open
,box,709,MC006_box_709,3,MC006_add34,MC006_add34,/locations/23652,/container_profiles/3,Open
,box,710,MC006_box_710,3,MC006_n638,MC006_n638,/locations/23648,/container_profiles/3,Open
,box,711,MC006_box_711,3,MC006_add35,MC006_add35,/locations/23652,/container_profiles/3,Open
,box,713,MC006_box_713,3,MC006_n640,MC006_n640,/locations/23648,/container_profiles/3,Open
,box,714,MC006_box_714,3,MC006_add36,MC006_add36,/locations/23652,/container_profiles/3,Open
,box,715,MC006_box_715,3,MC006_n641,MC006_n641,/locations/23648,/container_profiles/3,Open
,box,716,MC006_box_716,3,MC006_add37,MC006_add37,/locations/23652,/container_profiles/3,Open
,box,717,MC006_box_717,3,MC006_n642,MC006_n642,/locations/23657,/container_profiles/3,Open
,box,718,MC006_box_718,3,MC006_add38,MC006_add38,/locations/23652,/container_profiles/3,Open
,box,719,MC006_box_719,3,MC006_add39,MC006_add39,/locations/23652,/container_profiles/3,Open
,box,723,MC006_box_723,3,MC006_n645,MC006_n645,/locations/23657,/container_profiles/3,Open
,box,724,MC006_box_724,3,MC006_n648,MC006_n648,/locations/23648,/container_profiles/3,Open
,box,725,MC006_box_725,3,MC006_n646,MC006_n646,/locations/23657,/container_profiles/3,Open
,box,729,MC006_box_729,3,MC006_add40,MC006_add40,/locations/23652,/container_profiles/3,Open
,box,731-733,MC006_box_731-733,3,MC006_add41,MC006_add41,/locations/23652,/container_profiles/3,Open
,box,732,MC006_box_732,3,MC006_add42,MC006_add42,/locations/23652,/container_profiles/3,Open
,box,733,MC006_box_733,3,MC006_add43,MC006_add43,/locations/23652,/container_profiles/3,Open
,box,736,MC006_box_736,3,MC006_n655,MC006_n655,/locations/23648,/container_profiles/3,Open
,box,737,MC006_box_737,3,MC006_add44,MC006_add44,/locations/23652,/container_profiles/3,Open
,box,738,MC006_box_738,3,MC006_add45,MC006_add45,/locations/23652,/container_profiles/3,Open
,box,12,MC047_box_12,3,MC047_n8,MC047_n8,/locations/23649,/container_profiles/3,Open
,box,13,MC047_box_13,3,MC047_add46,MC047_add46,/locations/23652,/container_profiles/3,Open
,box,14,MC047_box_14,3,MC047_add47,MC047_add47,/locations/23652,/container_profiles/3,Open
,box,28,MC047_box_28,3,MC047_n19,MC047_n19,/locations/23648,/container_profiles/3,Open
,box,29,MC047_box_29,3,MC047_add48,MC047_add48,/locations/23652,/container_profiles/3,Open
,box,30,MC047_box_30,3,MC047_n20,MC047_n20,/locations/23662,/container_profiles/3,Open
,box,31,MC047_box_31,3,MC047_add49,MC047_add49,/locations/23652,/container_profiles/3,Open
,box,32,MC047_box_32,3,MC047_add50,MC047_add50,/locations/23652,/container_profiles/3,Open
,box,33,MC047_box_33,3,MC047_n21,MC047_n21,/locations/23649,/container_profiles/3,Open
,box,34,MC047_box_34,3,MC047_add51,MC047_add51,/locations/23652,/container_profiles/3,Open
,box,35,MC047_box_35,3,MC047_n22,MC047_n22,/locations/23649,/container_profiles/3,Open
,box,36,MC047_box_36,3,MC047_add52,MC047_add52,/locations/23652,/container_profiles/3,Open
,box,37,MC047_box_37,3,MC047_add53,MC047_add53,/locations/23652,/container_profiles/3,Open
,box,44,MC047_box_44,3,MC047_n23,MC047_n23,/locations/23649,/container_profiles/3,Open
,box,45,MC047_box_45,3,MC047_n24,MC047_n24,/locations/23649,/container_profiles/3,Open
,box,5,MC047_box_5,3,MC047_n5,MC047_n5,/locations/23649,/container_profiles/3,Open
,box,6,MC047_box_6,3,MC047_add54,MC047_add54,/locations/23652,/container_profiles/3,Open
,box,7,MC047_box_7,3,MC047_add55,MC047_add55,/locations/23652,/container_profiles/3,Open
,box,21 (1 of 2),MC049_box_21 (1 of 2),3,32101052479019,MC049_i21,/locations/23649,/container_profiles/3,Open
,box,21 (2 of 2),MC049_box_21 (2 of 2),3,MC049_add56,MC049_add56,/locations/23652,/container_profiles/3,Open
,box,1150,MC104_box_1150,3,MC104_n690,MC104_n690,/locations/23649,/container_profiles/3,Open
,box,1151,MC104_box_1151,3,MC104_add57,MC104_add57,/locations/23652,/container_profiles/3,Open
,box,1,MC165_box_1,3,MC165_n1,MC165_n1,/locations/23649,/container_profiles/3,Open
,box,178,MC165_box_178,3,MC165_n179,MC165_n179,/locations/23649,/container_profiles/3,Open
,box,179,MC165_box_179,3,MC165_add58,MC165_add58,/locations/23652,/container_profiles/3,Open
,box,180,MC165_box_180,3,MC165_add59,MC165_add59,/locations/23652,/container_profiles/3,Open
,box,189,MC165_box_189,3,MC165_n180,MC165_n180,/locations/23649,/container_profiles/3,Open
,box,190,MC165_box_190,3,MC165_add60,MC165_add60,/locations/23652,/container_profiles/3,Open
,box,191,MC165_box_191,3,MC165_add61,MC165_add61,/locations/23652,/container_profiles/3,Open
,box,197,MC165_box_197,3,MC165_n181,MC165_n181,/locations/23649,/container_profiles/3,Open
,box,198,MC165_box_198,3,MC165_add62,MC165_add62,/locations/23652,/container_profiles/3,Open
,box,199,MC165_box_199,3,MC165_add63,MC165_add63,/locations/23652,/container_profiles/3,Open
,box,2,MC165_box_2,3,MC165_add64,MC165_add64,/locations/23652,/container_profiles/3,Open
,box,203,MC165_box_203,3,MC165_n184,MC165_n184,/locations/23649,/container_profiles/3,Open
,box,204,MC165_box_204,3,MC165_add65,MC165_add65,/locations/23652,/container_profiles/3,Open
,box,205,MC165_box_205,3,MC165_n185,MC165_n185,/locations/23649,/container_profiles/3,Open
,box,206,MC165_box_206,3,MC165_add66,MC165_add66,/locations/23652,/container_profiles/3,Open
,box,209,MC165_box_209,3,MC165_n188,MC165_n188,/locations/23649,/container_profiles/3,Open
,box,210,MC165_box_210,3,MC165_add67,MC165_add67,/locations/23652,/container_profiles/3,Open
,box,211,MC165_box_211,3,MC165_add68,MC165_add68,/locations/23652,/container_profiles/3,Open
,box,214,MC165_box_214,3,MC165_n191,MC165_n191,/locations/23649,/container_profiles/3,Open
,box,215,MC165_box_215,3,MC165_add69,MC165_add69,/locations/23652,/container_profiles/3,Open
,box,215A,MC165_box_215A,3,MC165_add70,MC165_add70,/locations/23652,/container_profiles/3,Open
,box,250,MC165_box_250,3,MC165_n203,MC165_n203,/locations/23649,/container_profiles/3,Open
,box,251,MC165_box_251,3,MC165_add71,MC165_add71,/locations/23652,/container_profiles/3,Open
,box,252,MC165_box_252,3,MC165_add72,MC165_add72,/locations/23652,/container_profiles/3,Open
,box,255,MC165_box_255,3,MC165_n204,MC165_n204,/locations/23649,/container_profiles/3,Open
,box,256,MC165_box_256,3,MC165_add73,MC165_add73,/locations/23652,/container_profiles/3,Open
,box,257,MC165_box_257,3,MC165_add74,MC165_add74,/locations/23652,/container_profiles/3,Open
,box,258,MC165_box_258,3,MC165_n205,MC165_n205,/locations/23649,/container_profiles/3,Open
,box,259,MC165_box_259,3,MC165_add75,MC165_add75,/locations/23652,/container_profiles/3,Open
,box,260,MC165_box_260,3,MC165_add76,MC165_add76,/locations/23652,/container_profiles/3,Open
,box,263,MC165_box_263,3,MC165_n207,MC165_n207,/locations/23649,/container_profiles/3,Open
,box,264,MC165_box_264,3,MC165_add77,MC165_add77,/locations/23652,/container_profiles/3,Open
,box,265,MC165_box_265,3,MC165_n208,MC165_n208,/locations/23649,/container_profiles/3,Open
,box,266,MC165_box_266,3,MC165_add78,MC165_add78,/locations/23652,/container_profiles/3,Open
,box,267,MC165_box_267,3,MC165_add79,MC165_add79,/locations/23652,/container_profiles/3,Open
,box,270,MC165_box_270,3,MC165_n209,MC165_n209,/locations/23649,/container_profiles/3,Open
,box,271,MC165_box_271,3,MC165_add80,MC165_add80,/locations/23652,/container_profiles/3,Open
,box,276,MC165_box_276,3,MC165_n210,MC165_n210,/locations/23649,/container_profiles/3,Open
,box,277,MC165_box_277,3,MC165_add81,MC165_add81,/locations/23652,/container_profiles/3,Open
,box,278,MC165_box_278,3,MC165_add82,MC165_add82,/locations/23652,/container_profiles/3,Open
,box,283,MC165_box_283,3,MC165_n214,MC165_n214,/locations/23649,/container_profiles/3,Open
,box,284,MC165_box_284,3,MC165_add83,MC165_add83,/locations/23652,/container_profiles/3,Open
,box,286,MC165_box_286,3,MC165_n216,MC165_n216,/locations/23649,/container_profiles/3,Open
,box,287,MC165_box_287,3,MC165_add84,MC165_add84,/locations/23652,/container_profiles/3,Open
,box,3,MC165_box_3,3,MC165_add85,MC165_add85,/locations/23652,/container_profiles/3,Open
,box,300,MC165_box_300,3,MC165_n221,MC165_n221,/locations/23649,/container_profiles/3,Open
,box,301,MC165_box_301,3,MC165_add86,MC165_add86,/locations/23652,/container_profiles/3,Open
,box,302,MC165_box_302,3,MC165_add87,MC165_add87,/locations/23652,/container_profiles/3,Open
,box,306,MC165_box_306,3,MC165_n223,MC165_n223,/locations/23649,/container_profiles/3,Open
,box,307,MC165_box_307,3,MC165_add88,MC165_add88,/locations/23652,/container_profiles/3,Open
,box,308,MC165_box_308,3,MC165_n224,MC165_n224,/locations/23649,/container_profiles/3,Open
,box,309,MC165_box_309,3,MC165_add89,MC165_add89,/locations/23652,/container_profiles/3,Open
,box,310,MC165_box_310,3,MC165_n225,MC165_n225,/locations/23649,/container_profiles/3,Open
,box,311,MC165_box_311,3,MC165_add90,MC165_add90,/locations/23652,/container_profiles/3,Open
,box,327,MC165_box_327,3,MC165_n241,MC165_n241,/locations/23649,/container_profiles/3,Open
,box,328,MC165_box_328,3,MC165_add91,MC165_add91,/locations/23652,/container_profiles/3,Open
,box,329,MC165_box_329,3,MC165_add92,MC165_add92,/locations/23652,/container_profiles/3,Open
,box,331,MC165_box_331,3,MC165_n243,MC165_n243,/locations/23649,/container_profiles/3,Open
,box,332,MC165_box_332,3,MC165_add93,MC165_add93,/locations/23652,/container_profiles/3,Open
,box,338,MC165_box_338,3,MC165_n249,MC165_n249,/locations/23649,/container_profiles/3,Open
,box,339,MC165_box_339,3,MC165_add94,MC165_add94,/locations/23652,/container_profiles/3,Open
,box,340,MC165_box_340,3,MC165_n250,MC165_n250,/locations/23649,/container_profiles/3,Open
,box,341,MC165_box_341,3,MC165_add95,MC165_add95,/locations/23652,/container_profiles/3,Open
,box,342,MC165_box_342,3,MC165_add96,MC165_add96,/locations/23652,/container_profiles/3,Open
,box,357,MC165_box_357,3,MC165_n264,MC165_n264,/locations/23649,/container_profiles/3,Open
,box,358,MC165_box_358,3,MC165_add97,MC165_add97,/locations/23652,/container_profiles/3,Open
,box,359,MC165_box_359,3,MC165_add98,MC165_add98,/locations/23652,/container_profiles/3,Open
,box,379,MC165_box_379,3,MC165_n284,MC165_n284,/locations/23649,/container_profiles/3,#N/A
,box,380,MC165_box_380,3,MC165_add99,MC165_add99,/locations/23652,/container_profiles/3,Open
,box,381,MC165_box_381,3,MC165_add100,MC165_add100,/locations/23652,/container_profiles/3,Open
,box,4,MC165_box_4,3,MC165_n2,MC165_n2,/locations/23649,/container_profiles/3,Open
,box,412,MC165_box_412,3,MC165_n313,MC165_n313,/locations/23649,/container_profiles/3,Open
,box,413,MC165_box_413,3,MC165_add101,MC165_add101,/locations/23652,/container_profiles/3,Open
,box,417,MC165_box_417,3,MC165_n317,MC165_n317,/locations/23649,/container_profiles/3,Open
,box,418,MC165_box_418,3,MC165_add102,MC165_add102,/locations/23652,/container_profiles/3,Open
,box,420,MC165_box_420,3,MC165_n319,MC165_n319,/locations/23649,/container_profiles/3,Open
,box,421,MC165_box_421,3,MC165_add103,MC165_add103,/locations/23652,/container_profiles/3,Open
,box,422,MC165_box_422,3,MC165_add104,MC165_add104,/locations/23652,/container_profiles/3,Open
,box,425,MC165_box_425,3,MC165_n320,MC165_n320,/locations/23649,/container_profiles/3,Open
,box,426,MC165_box_426,3,MC165_add105,MC165_add105,/locations/23652,/container_profiles/3,Open
,box,427,MC165_box_427,3,MC165_add106,MC165_add106,/locations/23652,/container_profiles/3,Open
,box,462,MC165_box_462,3,MC165_n349,MC165_n349,/locations/23649,/container_profiles/3,Open
,box,463,MC165_box_463,3,MC165_add107,MC165_add107,/locations/23652,/container_profiles/3,Open
,box,464,MC165_box_464,3,MC165_add108,MC165_add108,/locations/23652,/container_profiles/3,Open
,box,465,MC165_box_465,3,MC165_n350,MC165_n350,/locations/23649,/container_profiles/3,Open
,box,466,MC165_box_466,3,MC165_add109,MC165_add109,/locations/23649,/container_profiles/3,Open
,box,467,MC165_box_467,3,MC165_n351,MC165_n351,/locations/23649,/container_profiles/3,Open
,box,468,MC165_box_468,3,MC165_add110,MC165_add110,/locations/23649,/container_profiles/3,Open
,box,478,MC165_box_478,3,MC165_n361,MC165_n361,/locations/23649,/container_profiles/3,Open
,box,479,MC165_box_479,3,MC165_add111,MC165_add111,/locations/23649,/container_profiles/3,Open
,box,481,MC165_box_481,3,MC165_n363,MC165_n363,/locations/23649,/container_profiles/3,Open
,box,482,MC165_box_482,3,MC165_add112,MC165_add112,/locations/23649,/container_profiles/3,Open
,box,483,MC165_box_483,3,MC165_n364,MC165_n364,/locations/23649,/container_profiles/3,Open
,box,484,MC165_box_484,3,MC165_add113,MC165_add113,/locations/23649,/container_profiles/3,Open
,box,485,MC165_box_485,3,MC165_add114,MC165_add114,/locations/23649,/container_profiles/3,Open
,box,487,MC165_box_487,3,MC165_n366,MC165_n366,/locations/23649,/container_profiles/3,Open
,box,488,MC165_box_488,3,MC165_add115,MC165_add115,/locations/23649,/container_profiles/3,Open
,box,489,MC165_box_489,3,MC165_n367,MC165_n367,/locations/23649,/container_profiles/3,Open
,box,490,MC165_box_490,3,MC165_add116,MC165_add116,/locations/23649,/container_profiles/3,Open
,box,491,MC165_box_491,3,MC165_add117,MC165_add117,/locations/23649,/container_profiles/3,Open
,box,495,MC165_box_495,3,MC165_n369,MC165_n369,/locations/23649,/container_profiles/3,Open
,box,496,MC165_box_496,3,MC165_add118,MC165_add118,/locations/23649,/container_profiles/3,Open
,box,499,MC165_box_499,3,MC165_n9,MC165_n9,/locations/23649,/container_profiles/3,Open
,box,5,MC165_box_5,3,MC165_add119,MC165_add119,/locations/23649,/container_profiles/3,Open
,box,500,MC165_box_500,3,MC165_add120,MC165_add120,/locations/23649,/container_profiles/3,Open
,box,501,MC165_box_501,3,MC165_add121,MC165_add121,/locations/23649,/container_profiles/3,Open
,box,519,MC165_box_519,3,MC165_n378,MC165_n378,/locations/23649,/container_profiles/3,Open
,box,520,MC165_box_520,3,MC165_add122,MC165_add122,/locations/23649,/container_profiles/3,Open
,box,521,MC165_box_521,3,MC165_add123,MC165_add123,/locations/23649,/container_profiles/3,Open
,box,6,MC165_box_6,3,MC165_add124,MC165_add124,/locations/23649,/container_profiles/3,Open
,box,7,MC165_box_7,3,MC165_n14,MC165_n14,/locations/23649,/container_profiles/3,Open
,box,8,MC165_box_8,3,MC165_add125,MC165_add125,/locations/23649,/container_profiles/3,Open
,box,90,MC165_box_90,3,MC165_n95,MC165_n95,/locations/23649,/container_profiles/3,Open
,box,91,MC165_box_91,3,MC165_add126,MC165_add126,/locations/23649,/container_profiles/3,Open
,box,92,MC165_box_92,3,MC165_add127,MC165_add127,/locations/23649,/container_profiles/3,Open
,box,97,MC165_box_97,3,MC165_n100,MC165_n100,/locations/23649,/container_profiles/3,Open
,box,98,MC165_box_98,3,MC165_add128,MC165_add128,/locations/23649,/container_profiles/3,Open
,box,99,MC165_box_99,3,MC165_add129,MC165_add129,/locations/23649,/container_profiles/3,Open
,box,25,MC175_box_25,3,MC175_n23,MC175_n23,/locations/23649,/container_profiles/3,Open
,box,26,MC175_box_26,3,MC175_add130,MC175_add130,/locations/23649,/container_profiles/3,Open
,box,27,MC175_box_27,3,MC175_add131,MC175_add131,/locations/23649,/container_profiles/3,Open
,box,29,MC175_box_29,3,MC175_n24,MC175_n24,/locations/23649,/container_profiles/3,Open
,box,30,MC175_box_30,3,MC175_n25,MC175_n25,/locations/23649,/container_profiles/3,Open
,box,31,MC175_box_31,3,MC175_add132,MC175_add132,/locations/23649,/container_profiles/3,Open
,box,33,MC175_box_33,3,MC175_n26,MC175_n26,/locations/23649,/container_profiles/3,Open
,box,34,MC175_box_34,3,MC175_add133,MC175_add133,/locations/23649,/container_profiles/3,Open
,box,37,MC175_box_37,3,MC175_n29,MC175_n29,/locations/23649,/container_profiles/3,Open
,box,38,MC175_box_38,3,MC175_add134,MC175_add134,/locations/23649,/container_profiles/3,Open
,box,39,MC175_box_39,3,MC175_add135,MC175_add135,/locations/23649,/container_profiles/3,Open
,box,79,MC175_box_79,3,MC175_n38,MC175_n38,/locations/23649,/container_profiles/3,Open
,box,80,MC175_box_80,3,MC175_add136,MC175_add136,/locations/23649,/container_profiles/3,Open
,box,81,MC175_box_81,3,MC175_n39,MC175_n39,/locations/23649,/container_profiles/3,Open
,box,82,MC175_box_82,3,MC175_add137,MC175_add137,/locations/23649,/container_profiles/3,Open
,box,83,MC175_box_83,3,MC175_add138,MC175_add138,/locations/23649,/container_profiles/3,Open
,box,84,MC175_box_84,3,MC175_n40,MC175_n40,/locations/23649,/container_profiles/3,Open
,box,85,MC175_box_85,3,MC175_add139,MC175_add139,/locations/23649,/container_profiles/3,Open
,box,86,MC175_box_86,3,MC175_add140,MC175_add140,/locations/23649,/container_profiles/3,Open
,box,42,MC178_box_42,3,MC178_n42,MC178_n42,/locations/23649,/container_profiles/3,Open
,box,43,MC178_box_43,3,MC178_add141,MC178_add141,/locations/23649,/container_profiles/3,Open
,box,463,MC178_box_463,3,MC178_n463,MC178_n463,/locations/23649,/container_profiles/3,Restricted
,box,464,MC178_box_464,3,MC178_add142,MC178_add142,/locations/23649,/container_profiles/3,Open
,box,465,MC178_box_465,3,MC178_add143,MC178_add143,/locations/23649,/container_profiles/3,Open
,box,486,MC178_box_486,3,MC178_n464,MC178_n464,/locations/23649,/container_profiles/3,Restricted
,box,487,MC178_box_487,3,MC178_add144,MC178_add144,/locations/23649,/container_profiles/3,Open
,box,489,MC178_box_489,3,MC178_n466,MC178_n466,/locations/23652,/container_profiles/3,Open
,box,490,MC178_box_490,3,MC178_n467,MC178_n467,/locations/23652,/container_profiles/3,Open
,box,491,MC178_box_491,3,MC178_n468,MC178_n468,/locations/23652,/container_profiles/3,Open
,box,492,MC178_box_492,3,MC178_n469,MC178_n469,/locations/23652,/container_profiles/3,Open
,box,493,MC178_box_493,3,MC178_add145,MC178_add145,/locations/23649,/container_profiles/3,Open
,box,494,MC178_box_494,3,MC178_n470,MC178_n470,/locations/23652,/container_profiles/3,Open
,box,495,MC178_box_495,3,MC178_add146,MC178_add146,/locations/23649,/container_profiles/3,Open
,box,496,MC178_box_496,3,MC178_n471,MC178_n471,/locations/23652,/container_profiles/3,Open
,box,497,MC178_box_497,3,MC178_add147,MC178_add147,/locations/23649,/container_profiles/3,Open
,box,498,MC178_box_498,3,MC178_add148,MC178_add148,/locations/23649,/container_profiles/3,Open
,box,508,MC178_box_508,3,MC178_n472,MC178_n472,/locations/23652,/container_profiles/3,Open
,box,509,MC178_box_509,3,MC178_add149,MC178_add149,/locations/23649,/container_profiles/3,Open
,box,510,MC178_box_510,3,MC178_n473,MC178_n473,/locations/23652,/container_profiles/3,Open
,box,511,MC178_box_511,3,MC178_add150,MC178_add150,/locations/23649,/container_profiles/3,Open
,box,512,MC178_box_512,3,MC178_add151,MC178_add151,/locations/23649,/container_profiles/3,Open
,box,520,MC178_box_520,3,MC178_n474,MC178_n474,/locations/23652,/container_profiles/3,Open
,box,521,MC178_box_521,3,MC178_add152,MC178_add152,/locations/23649,/container_profiles/3,Open
,box,522,MC178_box_522,3,MC178_add153,MC178_add153,/locations/23649,/container_profiles/3,Open
,box,663,MC178_box_663,3,MC178_n476,MC178_n476,/locations/23652,/container_profiles/3,Open
,box,664,MC178_box_664,3,MC178_add154,MC178_add154,/locations/23662,/container_profiles/3,Open
,box,665,MC178_box_665,3,MC178_add155,MC178_add155,/locations/23662,/container_profiles/3,Open
,box,672,MC178_box_672,3,MC178_n477,MC178_n477,/locations/23652,/container_profiles/3,Open
,box,673,MC178_box_673,3,MC178_add156,MC178_add156,/locations/23658,/container_profiles/3,Open
,box,674,MC178_box_674,3,MC178_add157,MC178_add157,/locations/23658,/container_profiles/3,Open
,box,684,MC178_box_684,3,MC178_n482,MC178_n482,/locations/23652,/container_profiles/3,Open
,box,685,MC178_box_685,3,MC178_add158,MC178_add158,/locations/23658,/container_profiles/3,Open
,box,686,MC178_box_686,3,MC178_n483,MC178_n483,/locations/23652,/container_profiles/3,Open
,box,687,MC178_box_687,3,MC178_n484,MC178_n484,/locations/23652,/container_profiles/3,Open
,box,688,MC178_box_688,3,MC178_n485,MC178_n485,/locations/23652,/container_profiles/3,Open
,box,703,MC178_box_703,3,MC178_n497,MC178_n497,/locations/23652,/container_profiles/3,Open
,box,704,MC178_box_704,3,MC178_add159,MC178_add159,/locations/23658,/container_profiles/3,Open
,box,705,MC178_box_705,3,MC178_n498,MC178_n498,/locations/23652,/container_profiles/3,Open
,box,706,MC178_box_706,3,MC178_add160,MC178_add160,/locations/23658,/container_profiles/3,Open
,box,707,MC178_box_707,3,MC178_add161,MC178_add161,/locations/23658,/container_profiles/3,Open
,box,711,MC178_box_711,3,MC178_n502,MC178_n502,/locations/23652,/container_profiles/3,Open
,box,712,MC178_box_712,3,MC178_add162,MC178_add162,/locations/23658,/container_profiles/3,Open
,box,722,MC178_box_722,3,MC178_n512,MC178_n512,/locations/23652,/container_profiles/3,Open
,box,723,MC178_box_723,3,MC178_add163,MC178_add163,/locations/23658,/container_profiles/3,Open
,box,17,ST1_box_17,9,ST1_n17,ST1_n17,/locations/23652,/container_profiles/3,Open
,box,3,ST1_box_3,9,ST1_n3,ST1_n3,/locations/23652,/container_profiles/3,Open
,box,1,TC022_box_1,6,TC022_n1,TC022_n1,/locations/23652,/container_profiles/3,Open
,box,159,TC022_box_159,6,TC022_n155,TC022_n155,/locations/23652,/container_profiles/3,Open
,box,160,TC022_box_160,6,TC022_add164,TC022_add164,/locations/23658,/container_profiles/3,Open
,box,176,TC022_box_176,6,TC022_n171,TC022_n171,/locations/23652,/container_profiles/3,Open
,box,177,TC022_box_177,6,TC022_add165,TC022_add165,/locations/23658,/container_profiles/3,Open
,box,2,TC022_box_2,6,TC022_add166,TC022_add166,/locations/23658,/container_profiles/3,Open
,box,25,TC022_box_25,6,TC022_n24,TC022_n24,/locations/23652,/container_profiles/3,Open
,box,26,TC022_box_26,6,TC022_add167,TC022_add167,/locations/23658,/container_profiles/3,Open
,box,30,TC022_box_30,6,TC022_n28,TC022_n28,/locations/23652,/container_profiles/3,Open
,box,31,TC022_box_31,6,TC022_add168,TC022_add168,/locations/23658,/container_profiles/3,Open
,box,61,TC022_box_61,6,TC022_n58,TC022_n58,/locations/23652,/container_profiles/3,Open
,box,62,TC022_box_62,6,TC022_add169,TC022_add169,/locations/23658,/container_profiles/3,Open
,box,82,TC022_box_82,6,TC022_n78,TC022_n78,/locations/23652,/container_profiles/3,Open
,box,83,TC022_box_83,6,TC022_add170,TC022_add170,/locations/23658,/container_profiles/3,Open
,box,10,WC038_box_10,6,WC038_add171,WC038_add171,/locations/23662,/container_profiles/3,Open
,box,8,WC038_box_8,6,WC038_n8,WC038_n8,/locations/23652,/container_profiles/3,Open
,box,9,WC038_box_9,6,WC038_add172,WC038_add172,/locations/23662,/container_profiles/3,Open